ID,Domain,Phylum,Class,Order,Family,Genus,Species,Trophic.Mode,Guild,Trait,Confidence.Ranking,Genus_species,mean,Label
ASV101,Fungi,Basidiomycota,Agaricomycetes,Corticiales,Corticiaceae,Marchandiomyces,buckii,Pathotroph,Lichen Parasite,NULL,Probable,Marchandiomyces_buckii,0.0256109022556391,ASV101
ASV104,Fungi,Basidiomycota,Agaricomycetes,Russulales,Hericiaceae,Hericium,coralloides,Saprotroph,Undefined Saprotroph,White Rot,Probable,Hericium_coralloides,0.0290220342080887,ASV104
ASV105,Fungi,Basidiomycota,Agaricomycetes,Hymenochaetales,Schizoporaceae,Xylodon,flaviporus,Saprotroph,Undefined Saprotroph,White Rot,Probable,Xylodon_flaviporus,3.15720347544959e-06,ASV105
ASV107,Fungi,Basidiomycota,Agaricomycetes,Hymenochaetales,Schizoporaceae,Xylodon,raduloides,Saprotroph,Undefined Saprotroph,White Rot,Probable,Xylodon_raduloides,4.18508102316861e-06,ASV107
ASV12,Fungi,Basidiomycota,Agaricomycetes,Hymenochaetales,Schizoporaceae,Xylodon,raduloides,Saprotroph,Undefined Saprotroph,White Rot,Probable,Xylodon_raduloides,0.0717269237745124,ASV12
ASV18,Fungi,Basidiomycota,Agaricomycetes,Russulales,Stereaceae,Stereum,ostrea,Saprotroph,Undefined Saprotroph,White Rot,Probable,Stereum_ostrea,0.0201065428101388,ASV18
ASV25,Fungi,Basidiomycota,Agaricomycetes,Agaricales,Lyophyllaceae,Ossicaulis,lachnopus,Saprotroph,Wood Saprotroph,Brown Rot,Probable,Ossicaulis_lachnopus,0.0312566172578084,ASV25
ASV26,Fungi,Basidiomycota,Agaricomycetes,Russulales,Stereaceae,Stereum,hirsutum,Saprotroph,Undefined Saprotroph,White Rot,Probable,Stereum_hirsutum,0.0379241328365647,ASV26
ASV27,Fungi,Basidiomycota,Agaricomycetes,Polyporales,Steccherinaceae,Antrodiella,brasiliensis,Saprotroph,Wood Saprotroph,White Rot,Highly Probable,Antrodiella_brasiliensis,0.0312334568554791,ASV27
ASV29,Fungi,Basidiomycota,Agaricomycetes,Auriculariales,Exidiaceae,Basidiodendron,eyrei,Saprotroph,Undefined Saprotroph,NULL,Probable,Basidiodendron_eyrei,0.0640667344173442,ASV29
ASV32,Fungi,Basidiomycota,Agaricomycetes,Cantharellales,Cantharellales_fam_Incertae_sedis,Sistotrema,oblongisporum,Saprotroph-Symbiotroph,Ectomycorrhizal-Wood Saprotroph,White Rot,Possible,Sistotrema_oblongisporum,0.0277777777777778,ASV32
ASV34,Fungi,Basidiomycota,Agaricomycetes,Agaricales,Entolomataceae,Entocybe,NA,Saprotroph,Undefined Saprotroph,NULL,Probable,Entocybe_NA,0.0837804122104357,ASV34
ASV35,Fungi,Basidiomycota,Agaricomycetes,Polyporales,Polyporaceae,Fomes,fomentarius,Saprotroph,Wood Saprotroph,Brown Rot-White Rot,Probable,Fomes_fomentarius,0.0137313256347214,ASV35
ASV41,Fungi,Basidiomycota,Agaricomycetes,Agaricales,Tricholomataceae,Mycena,renati,Pathotroph-Saprotroph,Leaf Saprotroph-Plant Pathogen-Undefined Saprotroph-Wood Saprotroph,NULL,Probable,Mycena_renati,0.0447423266388784,ASV41
ASV42,Fungi,Basidiomycota,Agaricomycetes,Agaricales,Lyophyllaceae,Ossicaulis,lachnopus,Saprotroph,Wood Saprotroph,Brown Rot,Probable,Ossicaulis_lachnopus,0.00639042799124641,ASV42
ASV46,Fungi,Basidiomycota,Atractiellomycetes,Atractiellales,Atractiellales_fam_Incertae_sedis,Helicogloea,pellucida,Saprotroph,Undefined Saprotroph,NULL,Probable,Helicogloea_pellucida,0.0390454423698791,ASV46
ASV47,Fungi,Basidiomycota,Agaricomycetes,Agaricales,Pterulaceae,Radulomyces,molaris,Saprotroph,Undefined Saprotroph,White Rot,Probable,Radulomyces_molaris,7.34228449861819e-06,ASV47
ASV49,Fungi,Basidiomycota,Agaricomycetes,Polyporales,Phanerochaetaceae,Phanerochaete,livescens,Saprotroph,Wood Saprotroph,White Rot,Highly Probable,Phanerochaete_livescens,0.0178571428571429,ASV49
ASV53,Fungi,Basidiomycota,Agaricomycetes,Polyporales,Polyporaceae,Fomes,fomentarius,Saprotroph,Wood Saprotroph,Brown Rot-White Rot,Probable,Fomes_fomentarius,0.00838471917067727,ASV53
ASV54,Fungi,Basidiomycota,Agaricomycetes,Auriculariales,Auriculariaceae,Auricularia,NA,Saprotroph,Undefined Saprotroph,NULL,Probable,Auricularia_NA,0.0312405283895737,ASV54
ASV58,Fungi,Basidiomycota,Agaricomycetes,Polyporales,Polyporaceae,Fomes,fomentarius,Saprotroph,Wood Saprotroph,Brown Rot-White Rot,Probable,Fomes_fomentarius,0.0307291121747925,ASV58
ASV59,Fungi,Basidiomycota,Agaricomycetes,Polyporales,Hyphodermataceae,Hyphoderma,roseocremeum,Saprotroph,Undefined Saprotroph,White Rot,Probable,Hyphoderma_roseocremeum,0.030307599517491,ASV59
ASV62,Fungi,Basidiomycota,Agaricomycetes,NA,NA,NA,NA,-,-,-,-,NA_NA,0.031036490509384,ASV62
ASV63,Fungi,Basidiomycota,Agaricomycetes,Polyporales,NA,NA,NA,-,-,-,-,NA_NA,2.04884445172922e-05,ASV63
ASV67,Fungi,Basidiomycota,Agaricomycetes,Hymenochaetales,Schizoporaceae,Xylodon,raduloides,Saprotroph,Undefined Saprotroph,White Rot,Probable,Xylodon_raduloides,0.0137479911611089,ASV67
ASV7,Fungi,Basidiomycota,Agaricomycetes,Russulales,Stereaceae,NA,NA,Saprotroph,Wood Saprotroph-Undefined Saprotroph,NULL,Probable,NA_NA,0.0321456191639349,ASV7
ASV71,Fungi,Basidiomycota,Tremellomycetes,NA,NA,NA,NA,-,-,-,-,NA_NA,0.0603251692078833,ASV71
ASV72,Fungi,Basidiomycota,Agaricomycetes,Polyporales,NA,NA,NA,-,-,-,-,NA_NA,0.00148541222750369,ASV72
ASV8,Fungi,Basidiomycota,Agaricomycetes,Russulales,Stereaceae,Stereum,ostrea,Saprotroph,Undefined Saprotroph,White Rot,Probable,Stereum_ostrea,0.157868741287754,ASV8
ASV83,Fungi,Basidiomycota,Tremellomycetes,Tremellales,NA,NA,NA,Pathotroph-Saprotroph-Symbiotroph,Fungal Parasite-Undefined Saprotroph,NULL,Possible,NA_NA,0.0106118595046992,ASV83
ASV85,Fungi,Basidiomycota,Agaricomycetes,Hymenochaetales,Hymenochaetales_fam_Incertae_sedis,Peniophorella,pubera,Saprotroph,Undefined Saprotroph,White Rot,Probable,Peniophorella_pubera,0.00168408631706005,ASV85
ASV91,Fungi,Basidiomycota,Agaricomycetes,Auriculariales,Auriculariaceae,Auricularia,mesenterica,Saprotroph,Undefined Saprotroph,NULL,Probable,Auricularia_mesenterica,0.0355055438261529,ASV91
ASV94,Fungi,Basidiomycota,Agaricomycetes,Russulales,Stereaceae,Stereum,ostrea,Saprotroph,Undefined Saprotroph,White Rot,Probable,Stereum_ostrea,0.00341636480230475,ASV94
ASV99,Fungi,Basidiomycota,Agaricomycetes,Polyporales,Polyporaceae,Fomes,fomentarius,Saprotroph,Wood Saprotroph,Brown Rot-White Rot,Probable,Fomes_fomentarius,0.00720338983050847,ASV99
